earn,height1,height2,sex,race,hisp,ed,yearbn,height
NA,5,6,2,1,2,12,53,66
NA,5,4,1,2,2,12,50,64
50000,6,2,1,1,2,16,45,74
60000,5,6,2,1,2,16,32,66
30000,5,4,2,1,2,16,61,64
NA,5,5,2,1,2,17,33,65
50000,5,3,2,3,2,16,99,63
NA,5,8,2,2,2,18,36,68
51000,5,3,2,1,2,17,51,63
9000,5,4,2,1,2,15,64,64
29000,5,2,2,1,2,12,41,62
32000,6,1,1,1,2,17,44,73
2000,6,0,1,1,1,15,69,72
NA,6,0,1,1,2,99,37,72
27000,6,0,1,1,2,12,64,72
6530,5,10,1,1,2,16,25,70
0,5,3,2,1,2,14,40,63
30000,5,8,1,1,2,11,56,68
12000,5,8,1,1,2,12,63,68
NA,5,11,1,1,2,18,39,71
12000,5,5,2,1,2,12,39,65
NA,5,6,2,1,2,11,45,66
0,5,0,2,1,2,12,63,60
NA,5,5,2,1,2,12,49,65
NA,5,9,1,1,2,10,39,69
22000,5,6,2,1,2,16,55,66
NA,5,5,2,1,2,16,61,65
NA,5,11,1,1,2,14,68,71
17000,5,8,1,1,2,12,32,68
40000,5,8,2,1,2,14,61,68
44000,5,10,1,1,2,13,46,70
0,5,7,2,1,2,9,69,67
7000,5,4,2,2,2,12,35,64
53000,6,1,1,2,2,13,55,73
NA,5,4,2,2,2,12,67,64
5000,5,2,2,1,2,13,39,62
NA,5,4,2,1,2,12,99,64
14000,5,3,2,1,2,14,69,63
NA,5,9,1,1,2,14,54,69
5500,5,7,1,1,2,14,68,67
40000,5,6,2,1,2,12,49,66
34000,6,0,1,1,2,12,45,72
NA,5,3,2,2,2,12,67,63
NA,5,4,2,1,2,12,33,64
10000,5,3,2,2,2,12,55,63
0,5,8,1,1,2,11,69,68
27000,5,4,2,1,2,16,30,64
NA,6,1,1,1,2,14,46,73
NA,5,7,2,1,2,12,21,67
0,5,0,2,1,2,12,46,60
50000,6,0,1,1,2,16,52,72
0,5,8,2,1,2,12,35,68
41000,6,5,1,1,2,16,57,77
0,5,4,2,1,2,10,71,64
15000,5,4,2,1,2,14,65,64
25000,5,4,2,1,2,12,57,64
NA,5,3,2,1,2,16,18,63
75000,6,0,1,1,2,17,51,72
NA,5,8,1,2,2,16,28,68
27000,5,8,1,1,2,17,59,68
12000,5,4,2,1,2,12,64,64
NA,5,10,1,1,2,12,39,70
7500,5,1,2,1,2,14,12,61
NA,6,4,1,2,2,11,49,76
NA,5,5,2,1,2,12,44,65
NA,5,4,1,2,2,12,29,64
30000,5,7,2,2,2,14,59,67
21000,5,5,2,1,2,12,33,65
27000,5,4,2,1,2,14,64,64
NA,6,1,1,1,2,16,46,73
3000,5,7,2,1,2,15,25,67
25000,5,5,2,1,2,12,60,65
24000,5,5,2,1,2,12,49,65
32000,5,7,2,1,2,18,61,67
NA,NA,98,2,1,2,4,0,NA
NA,5,11,1,2,2,12,99,71
10000,5,8,2,1,2,17,60,68
0,5,10,2,1,2,12,33,70
11000,5,0,2,1,1,12,69,60
18700,5,5,2,1,2,13,58,65
20000,5,2,2,1,2,12,61,62
3500,6,0,1,1,2,10,72,72
NA,5,6,2,1,2,14,44,66
13000,5,7,1,2,2,8,34,67
NA,5,9,1,1,2,12,45,69
25000,5,10,1,1,2,12,25,70
21000,5,10,1,1,2,17,49,70
34000,5,8,2,1,2,17,41,68
NA,5,6,2,2,2,12,67,66
NA,5,1,2,2,2,12,60,61
6000,5,0,2,1,2,12,25,60
17000,5,11,1,1,2,12,62,71
NA,5,10,2,1,2,12,34,70
35000,5,11,1,1,2,12,58,71
4000,6,1,1,1,2,13,72,73
NA,5,4,2,1,2,16,68,64
14000,5,8,2,1,2,14,35,68
10000,5,6,2,1,2,12,33,66
NA,5,9,1,4,2,13,1,69
25000,5,9,1,1,2,16,61,69
0,5,3,2,1,2,8,27,63
NA,5,8,2,1,1,12,61,68
NA,5,10,1,1,2,18,30,70
16000,5,3,2,1,2,14,63,63
0,5,6,2,2,2,13,60,66
NA,5,6,2,1,2,12,57,66
0,5,4,2,1,2,12,64,64
16000,5,2,1,1,1,14,62,62
NA,5,6,2,1,2,18,23,66
16500,5,4,2,1,2,14,47,64
NA,5,8,1,1,2,12,17,68
4000,5,4,2,1,2,9,22,64
3840,5,7,2,1,2,9,38,67
NA,5,0,2,1,2,6,12,60
22000,5,11,1,1,2,12,51,71
200,5,0,2,1,2,16,37,60
26000,5,6,2,1,2,16,63,66
2500,5,6,2,1,2,15,69,66
17000,5,5,2,1,2,14,51,65
NA,5,3,2,1,2,16,55,63
8000,5,10,2,1,2,13,68,70
NA,5,8,1,1,2,12,59,68
0,5,5,2,1,2,13,27,65
12000,5,6,2,1,2,13,22,66
10000,5,2,2,1,2,12,43,62
NA,5,0,2,1,2,8,13,60
NA,6,4,1,1,2,16,39,76
10000,5,6,2,1,2,15,23,66
0,5,4,2,1,2,14,52,64
15000,6,0,1,1,2,12,51,72
NA,5,6,2,1,2,12,59,66
NA,5,2,2,1,2,8,8,62
NA,5,6,2,3,2,12,47,66
NA,5,9,1,2,2,11,17,69
NA,5,8,2,1,2,15,42,68
2400,5,7,2,1,1,8,51,67
30000,5,8,1,1,1,12,58,68
30000,5,10,1,1,2,12,57,70
10000,5,2,2,1,2,12,52,62
NA,5,10,1,1,2,18,47,70
5000,5,3,2,1,2,13,64,63
12000,5,6,2,1,2,13,27,66
20000,5,10,2,1,2,10,29,70
20000,5,8,2,1,2,12,54,68
20000,5,10,1,1,2,14,67,70
NA,5,5,2,1,2,18,33,65
NA,5,8,2,1,2,8,8,68
0,5,6,2,1,2,12,31,66
NA,5,11,1,1,2,18,14,71
1200,5,6,2,1,2,12,70,66
NA,5,2,2,1,2,12,21,62
700,5,8,2,1,2,16,58,68
20000,5,10,1,1,2,16,63,70
10000,5,1,2,1,1,12,68,61
30000,5,3,2,1,2,12,17,63
NA,6,0,1,1,1,8,27,72
40000,5,4,2,1,2,14,34,64
25000,5,7,1,1,2,12,1,67
NA,5,6,2,1,2,18,25,66
NA,5,8,2,1,2,14,48,68
10000,5,1,2,1,2,17,11,61
60000,5,9,2,1,2,18,27,69
NA,5,2,2,1,2,12,34,62
0,5,4,2,1,2,12,69,64
18000,5,8,2,1,2,12,24,68
NA,5,0,2,1,2,12,16,60
NA,5,11,1,1,2,18,48,71
16040,5,4,2,1,2,12,57,64
15000,5,7,2,2,2,14,60,67
10000,5,9,1,1,2,17,67,69
33000,5,7,2,1,2,13,47,67
18000,5,8,2,1,2,12,60,68
15000,5,3,2,1,2,12,53,63
21000,5,11,1,1,2,12,68,71
21000,5,4,2,2,2,17,47,64
37000,5,8,1,1,2,11,53,68
38000,5,8,2,1,2,17,46,68
17000,5,6,2,1,1,14,47,66
0,5,6,2,1,2,12,61,66
0,5,6,2,3,2,16,58,66
NA,5,0,2,1,2,16,99,60
32000,6,5,1,1,2,16,60,77
NA,NA,NA,1,1,2,12,32,NA
27500,5,7,2,1,2,12,32,67
NA,5,6,1,1,2,12,14,66
16500,5,2,2,1,2,12,46,62
NA,5,3,2,1,2,13,99,63
0,5,4,2,1,2,17,60,64
0,6,0,2,1,2,12,39,72
25000,5,7,2,1,2,18,55,67
27000,5,1,2,1,2,18,47,61
5000,5,4,2,1,2,12,62,64
NA,5,10,1,4,2,14,54,70
70000,5,2,2,1,2,16,52,62
5000,5,3,2,1,2,12,50,63
5000,5,8,1,1,2,16,66,68
NA,5,9,1,3,2,18,60,69
NA,5,4,2,2,2,12,31,64
20000,5,4,2,1,2,15,64,64
4000,6,0,1,1,2,15,69,72
NA,6,0,1,1,2,12,51,72
60000,5,4,2,1,2,16,55,64
5000,5,1,2,1,2,13,59,61
30000,6,2,1,1,2,12,52,74
70000,5,10,1,1,2,14,55,70
NA,5,4,2,1,2,16,30,64
50000,5,11,1,1,2,16,49,71
44000,5,3,2,1,2,12,51,63
NA,NA,NA,2,1,2,18,99,NA
NA,6,1,1,1,2,18,50,73
NA,5,7,1,1,2,17,60,67
30000,5,4,2,1,2,14,47,64
NA,6,1,1,2,2,14,66,73
NA,5,4,2,1,2,16,62,64
NA,5,3,2,1,2,15,59,63
0,5,2,2,1,2,16,58,62
10000,5,2,2,1,2,16,50,62
23000,5,10,2,1,2,17,48,70
0,5,2,2,1,2,12,51,62
45000,5,11,1,1,2,17,28,71
15000,5,11,1,1,2,14,59,71
NA,5,11,1,1,2,17,57,71
4000,5,10,2,1,2,14,19,70
17000,5,7,1,1,2,14,59,67
30000,5,4,2,1,2,12,58,64
27500,5,7,2,1,2,12,60,67
5688,5,2,2,1,2,8,21,62
18000,5,2,2,1,1,13,34,62
NA,5,7,1,1,2,14,54,67
NA,5,6,2,1,2,17,58,66
NA,5,4,2,1,2,12,27,64
43000,5,8,1,2,2,13,46,68
32000,5,2,2,2,2,14,46,62
NA,5,2,2,2,2,12,70,62
0,5,6,2,2,2,5,39,66
10000,5,8,2,2,2,18,34,68
NA,5,5,2,1,1,12,52,65
NA,6,2,1,1,2,12,70,74
NA,NA,NA,2,9,9,16,99,NA
60000,6,2,1,1,2,13,45,74
NA,5,8,1,1,2,18,24,68
NA,5,10,1,1,2,16,60,70
NA,5,11,1,1,2,15,67,71
21000,5,8,2,4,2,12,40,68
2400,5,2,2,1,2,16,68,62
NA,5,8,2,1,2,10,40,68
NA,5,2,2,2,2,15,48,62
1000,5,6,2,1,2,15,62,66
27000,5,8,1,1,2,12,63,68
6600,5,0,2,1,1,14,62,60
NA,5,4,2,2,2,11,39,64
16000,5,8,1,1,2,8,47,68
90000,6,0,1,1,2,12,64,72
8000,5,6,2,1,2,12,48,66
20000,5,8,1,1,2,10,58,68
15000,5,8,2,1,2,12,72,68
12000,5,9,2,1,2,12,30,69
NA,5,3,2,1,2,9,23,63
24000,5,4,2,1,2,16,44,64
20000,5,5,2,1,2,14,51,65
NA,4,11,2,1,2,8,8,59
19000,5,1,2,1,2,12,44,61
NA,5,11,1,1,2,8,37,71
10000,6,0,1,1,2,12,41,72
40000,5,6,2,1,2,16,56,66
NA,5,9,1,1,2,18,46,69
NA,5,9,1,2,2,8,55,69
NA,5,3,2,2,2,13,52,63
NA,5,4,2,1,1,12,54,64
0,5,2,2,1,2,10,33,62
0,5,0,2,1,1,10,42,60
NA,5,2,2,1,2,8,2,62
25000,5,8,1,1,2,14,26,68
25000,5,10,1,1,2,12,66,70
25000,5,11,1,1,2,14,58,71
19000,5,11,1,1,2,16,29,71
44000,5,8,1,1,2,16,42,68
0,5,6,2,1,2,12,71,66
0,5,3,2,1,2,18,35,63
15000,5,0,2,1,2,14,41,60
17000,5,3,2,1,2,12,54,63
24000,5,8,1,1,2,12,34,68
NA,5,10,1,1,2,16,52,70
23000,5,4,2,1,2,12,53,64
13000,5,10,1,1,2,12,16,70
NA,5,6,2,2,2,98,18,66
NA,5,6,2,1,2,12,41,66
65000,5,8,1,1,2,16,44,68
7000,5,1,2,1,2,12,27,61
NA,5,7,2,1,2,16,57,67
40000,5,8,1,1,2,18,27,68
15000,5,6,2,1,2,17,47,66
20000,5,10,1,1,2,16,65,70
NA,5,8,1,1,2,6,13,68
NA,5,6,2,1,2,14,16,66
20000,5,11,1,1,2,12,40,71
NA,5,3,1,1,2,9,23,63
20000,5,5,2,1,2,12,48,65
25000,5,6,2,1,2,12,41,66
NA,5,4,2,1,2,14,70,64
49000,5,10,1,1,2,13,53,70
NA,5,10,1,1,2,8,66,70
0,5,4,2,1,2,12,54,64
NA,5,4,2,1,2,16,61,64
0,5,3,2,1,2,16,55,63
25000,5,2,2,1,2,12,25,62
NA,5,5,2,1,2,12,23,65
NA,5,6,2,1,2,12,28,66
NA,5,5,2,1,2,14,27,65
NA,5,0,2,1,2,16,18,60
11000,5,6,2,1,2,14,33,66
16000,5,1,2,1,2,15,52,61
35000,6,0,1,1,2,14,47,72
125000,6,2,1,1,2,18,45,74
23000,5,7,2,1,2,12,43,67
17000,5,6,2,1,2,16,62,66
0,5,2,2,1,2,13,59,62
27000,5,2,2,1,2,12,49,62
70000,6,0,1,1,2,14,58,72
35000,5,5,2,1,2,15,43,65
10000,5,0,2,1,2,12,28,60
NA,5,4,2,1,2,13,60,64
35000,5,2,2,1,2,15,51,62
15000,5,6,2,1,2,12,52,66
12000,5,4,2,1,2,12,51,64
8000,5,11,1,1,2,12,22,71
8000,5,5,2,1,2,12,40,65
35000,6,1,1,1,2,18,40,73
45000,5,9,1,1,2,11,39,69
NA,5,5,2,1,2,12,53,65
0,5,4,2,1,2,12,32,64
NA,5,4,2,1,2,12,63,64
NA,5,8,2,1,2,12,32,68
15000,5,4,2,1,2,14,68,64
15000,5,1,2,1,2,12,13,61
NA,6,1,1,1,2,15,64,73
24000,5,7,2,1,2,18,39,67
25000,5,2,2,1,2,13,58,62
NA,6,1,1,1,2,12,56,73
25000,5,3,2,2,2,14,36,63
20000,5,7,1,3,2,10,62,67
24000,5,8,2,1,2,12,66,68
44000,6,0,1,1,2,16,44,72
69000,5,10,1,1,2,12,52,70
62000,5,10,1,1,2,18,46,70
NA,5,0,2,2,2,15,25,60
32000,5,7,1,2,2,14,58,67
20000,5,3,2,2,2,12,57,63
32000,5,6,2,3,2,18,55,66
25000,5,6,2,1,2,17,40,66
170000,5,11,1,1,2,18,45,71
NA,5,9,1,2,2,14,47,69
0,5,6,2,2,2,11,61,66
35000,5,7,1,1,2,16,57,67
40000,6,4,1,2,2,16,52,76
33000,5,9,1,1,2,14,60,69
18000,5,5,2,1,2,12,68,65
NA,5,8,1,1,2,12,38,68
NA,5,1,2,1,2,9,18,61
30000,5,2,2,1,2,13,47,62
26000,5,2,2,1,2,12,59,62
5000,5,2,2,1,2,12,69,62
NA,5,9,2,1,2,12,72,69
20000,5,2,2,1,2,16,17,62
NA,6,0,1,1,2,11,60,72
NA,5,7,2,1,2,12,49,67
17000,5,1,2,1,2,12,60,61
32000,5,5,2,1,2,14,62,65
15000,6,0,1,1,2,14,68,72
0,5,6,2,1,2,17,49,66
50000,6,0,1,1,2,14,35,72
8000,5,4,2,1,2,12,51,64
40000,5,11,1,1,2,14,39,71
40000,6,0,1,1,2,15,49,72
32750,5,6,1,1,2,12,56,66
NA,5,8,1,1,2,12,70,68
20000,5,5,2,1,2,14,21,65
36000,5,5,2,2,2,15,51,65
6000,5,2,2,1,2,12,26,62
12000,5,6,2,2,1,14,56,66
NA,5,7,1,1,2,18,52,67
60000,5,7,1,1,2,14,27,67
40000,5,4,2,1,2,13,46,64
NA,6,2,1,1,1,13,71,74
43000,5,3,2,1,2,12,52,63
45000,5,7,2,1,2,16,56,67
6000,5,8,2,1,2,18,51,68
8000,5,4,2,4,2,10,8,64
20000,5,4,2,2,2,13,51,64
NA,5,6,2,1,2,7,8,66
17000,5,6,1,2,2,12,67,66
2000,5,5,2,1,2,12,58,65
65000,5,5,1,1,2,12,62,65
50000,6,0,1,1,2,12,49,72
0,5,8,2,1,2,11,36,68
0,5,3,2,1,2,11,61,63
NA,5,10,1,1,2,13,69,70
11000,5,8,2,1,2,12,52,68
35000,6,2,1,1,2,18,60,74
27000,5,3,1,1,2,12,57,63
3500,5,4,2,1,2,12,29,64
NA,5,5,2,1,2,7,13,65
42000,5,8,1,1,2,12,53,68
NA,5,1,2,1,2,12,29,61
20000,5,7,2,1,2,18,61,67
15000,5,7,2,1,2,12,61,67
10000,6,1,1,1,2,12,69,73
0,5,2,2,1,2,12,42,62
6000,5,10,1,1,2,8,12,70
NA,5,9,2,1,2,14,29,69
NA,5,11,1,1,2,12,10,71
17000,5,5,2,1,1,16,67,65
NA,5,2,2,1,1,8,67,62
35000,5,9,1,1,1,16,25,69
28000,6,5,1,1,2,14,62,77
15000,5,8,2,1,2,12,57,68
20000,5,2,2,1,2,17,66,62
20000,5,4,2,1,2,12,61,64
NA,5,10,1,1,1,18,60,70
10500,5,7,1,3,1,12,48,67
13000,5,10,1,1,2,16,68,70
10000,5,2,2,1,2,12,38,62
3000,5,3,2,1,2,12,53,63
24000,5,2,2,1,2,14,61,62
0,5,3,2,1,2,17,49,63
17000,5,9,2,1,2,13,55,69
11000,5,4,2,1,2,12,42,64
0,5,4,2,1,2,14,53,64
32000,5,9,2,1,2,14,50,69
17000,4,11,2,1,2,15,64,59
NA,5,1,2,1,2,16,43,61
NA,5,0,2,1,2,12,15,60
NA,6,0,1,1,2,12,41,72
NA,5,8,1,1,2,14,35,68
3000,5,6,2,4,2,12,55,66
NA,5,3,2,1,2,8,30,63
0,5,5,2,1,2,12,49,65
NA,5,10,1,1,2,18,32,70
NA,6,0,1,1,2,14,42,72
2100,5,2,2,2,2,12,69,62
NA,5,10,1,2,2,10,8,70
NA,5,0,2,1,2,13,14,60
NA,5,6,2,2,2,12,61,66
NA,5,4,1,1,1,12,56,64
NA,5,11,1,1,2,16,67,71
NA,6,1,1,2,2,12,63,73
3192,6,3,1,2,2,11,56,75
NA,5,2,2,3,2,12,65,62
17000,5,3,2,1,2,17,64,63
30000,5,5,2,1,2,13,62,65
15000,5,10,1,1,2,12,58,70
NA,5,4,2,1,2,16,64,64
NA,5,8,1,3,2,18,56,68
24000,5,8,2,1,2,16,48,68
10000,5,5,2,1,2,14,23,65
50000,5,9,1,1,2,8,37,69
NA,5,4,2,1,2,11,13,64
50000,6,0,1,1,2,16,37,72
NA,5,9,1,1,2,12,52,69
20000,5,4,2,1,2,17,41,64
30000,5,3,2,1,1,18,36,63
NA,5,8,2,1,2,18,54,68
NA,5,8,2,1,2,18,49,68
0,5,4,2,1,2,12,27,64
0,5,6,2,1,2,10,42,66
NA,5,10,1,1,2,12,53,70
0,5,3,2,1,2,5,32,63
22000,6,1,2,1,2,14,45,73
NA,5,9,1,1,2,12,70,69
27000,6,3,1,1,2,12,66,75
4000,5,5,2,1,2,12,52,65
NA,5,4,2,1,2,16,49,64
17500,5,6,2,1,2,17,64,66
16500,5,6,2,1,2,14,62,66
NA,5,4,2,1,2,18,53,64
28000,5,4,2,1,2,16,51,64
52000,5,6,2,1,2,18,40,66
15000,5,4,2,1,2,16,61,64
19000,5,3,2,1,2,13,58,63
0,5,3,2,1,2,13,46,63
NA,5,7,2,2,2,12,71,67
NA,5,9,2,1,2,12,56,69
27000,6,1,1,1,2,12,67,73
15000,6,0,1,1,2,8,32,72
NA,5,3,2,1,2,12,48,63
0,5,6,2,1,2,12,66,66
15000,6,0,1,1,2,14,57,72
14500,5,4,2,1,2,12,35,64
NA,6,0,1,1,2,16,50,72
NA,5,3,2,1,2,12,35,63
24000,5,4,2,1,2,13,60,64
NA,5,5,2,1,2,14,60,65
NA,5,2,2,1,2,13,50,62
NA,5,1,2,1,2,12,72,61
18000,5,8,1,1,2,15,54,68
4000,5,2,2,1,2,12,22,62
NA,5,4,2,1,2,12,5,64
4000,5,9,2,1,2,13,33,69
NA,5,6,2,1,2,15,37,66
700,5,0,2,1,2,12,54,60
NA,5,4,2,1,2,15,57,64
24000,5,5,2,1,2,12,99,65
NA,5,0,2,1,2,12,30,60
27000,6,4,1,1,2,12,51,76
12000,6,0,2,1,2,12,55,72
22000,5,2,2,1,2,18,43,62
30000,5,2,2,1,2,13,54,62
NA,5,10,1,1,2,16,55,70
35000,5,11,1,1,2,12,29,71
20000,6,2,1,1,2,12,48,74
32000,5,5,2,1,2,16,58,65
6000,5,3,2,4,2,12,59,63
12000,5,7,2,1,2,12,51,67
0,5,5,2,1,2,16,46,65
10000,5,3,2,1,2,12,59,63
1000,5,5,2,1,2,12,72,65
12000,5,4,2,1,2,15,19,64
16000,5,5,2,1,2,12,54,65
NA,5,3,2,1,2,13,63,63
0,5,8,2,1,2,16,49,68
25000,5,3,2,1,2,16,57,63
25000,5,10,2,1,2,12,63,70
32000,5,8,1,1,2,12,60,68
NA,5,6,1,1,2,11,11,66
35000,5,7,1,1,2,14,47,67
NA,5,8,1,1,2,12,66,68
NA,5,6,2,1,2,12,67,66
6000,5,5,2,1,2,12,62,65
80000,5,9,1,1,2,14,46,69
20000,5,8,2,1,2,14,65,68
1000,5,6,2,1,2,17,52,66
28000,5,11,1,1,1,13,52,71
26000,5,4,1,1,1,16,67,64
27000,6,2,1,1,2,12,66,74
18000,5,2,2,1,2,13,49,62
2000,5,5,2,1,2,12,31,65
20000,5,9,1,1,2,12,24,69
NA,NA,98,2,2,2,12,29,NA
NA,6,0,1,2,2,12,71,72
NA,5,5,1,1,2,11,59,65
6000,5,6,2,1,2,16,42,66
NA,5,10,1,1,2,11,58,70
NA,5,1,2,1,2,12,16,61
0,5,0,2,1,2,10,22,60
NA,5,10,1,1,2,12,71,70
NA,6,1,2,1,2,11,69,73
NA,5,6,2,1,2,12,16,66
NA,4,9,2,1,1,12,54,57
25000,5,7,1,1,2,11,27,67
12000,6,1,1,1,2,12,61,73
0,5,5,2,1,2,18,64,65
NA,5,2,2,1,2,12,45,62
12000,6,4,1,1,2,12,33,76
30000,5,10,1,1,2,14,14,70
0,5,4,2,1,2,12,60,64
4000,5,3,2,2,2,15,68,63
NA,5,7,2,2,2,11,72,67
26000,5,3,2,2,2,13,53,63
NA,5,9,2,1,2,9,37,69
NA,5,7,2,1,2,9,67,67
NA,5,6,2,2,2,12,60,66
NA,5,1,2,2,2,12,65,61
23000,5,10,1,2,2,12,55,70
21000,5,11,1,1,2,12,57,71
25000,5,5,2,1,2,12,28,65
18000,5,10,1,1,2,16,15,70
4000,5,3,2,1,2,13,46,63
23900,5,4,2,1,2,12,68,64
NA,5,8,1,1,2,12,22,68
35000,5,4,2,1,2,18,50,64
26000,5,7,1,1,2,14,60,67
25000,5,6,1,1,2,16,54,66
23500,5,8,2,1,2,13,63,68
12000,5,5,2,1,2,12,68,65
15000,5,7,2,1,2,12,70,67
NA,5,1,2,1,2,8,23,61
3000,6,1,1,1,2,17,67,73
NA,5,3,2,1,2,12,22,63
NA,5,6,2,1,2,12,53,66
6000,5,4,2,1,2,12,23,64
14000,5,11,1,1,2,12,21,71
15000,5,3,2,1,2,16,59,63
175000,5,11,1,1,2,16,42,71
0,5,3,2,1,2,12,39,63
NA,5,4,2,1,2,16,20,64
1000,6,1,1,1,2,18,65,73
10000,5,5,2,1,2,14,27,65
45000,5,6,1,1,2,13,8,66
15000,5,6,2,1,2,12,9,66
NA,5,0,2,1,2,15,11,60
NA,5,8,2,1,2,18,38,68
20000,4,11,2,1,2,13,49,59
NA,5,10,1,1,2,12,48,70
NA,5,2,2,1,2,15,99,62
35000,5,10,1,1,2,16,60,70
40000,6,0,1,1,2,16,62,72
35000,5,4,2,1,2,12,18,64
NA,6,0,1,1,2,12,57,72
50000,5,6,2,1,2,16,36,66
100000,5,10,1,1,2,18,33,70
NA,5,3,2,1,2,12,60,63
35000,5,9,1,1,2,13,62,69
0,5,6,2,1,2,12,39,66
24000,5,8,2,1,2,12,55,68
0,5,4,2,1,2,12,60,64
NA,5,7,2,1,2,14,55,67
NA,5,0,2,1,2,16,18,60
0,5,3,2,1,2,12,30,63
35000,6,2,1,1,2,17,47,74
NA,5,1,2,1,2,18,23,61
38000,6,1,1,1,2,16,16,73
NA,5,10,1,1,2,13,61,70
NA,6,1,1,1,2,13,44,73
NA,5,2,2,1,2,12,71,62
NA,5,0,2,1,2,8,14,60
30000,5,7,1,1,2,12,38,67
5000,5,4,2,1,1,12,51,64
148000,5,7,1,1,2,18,52,67
30000,5,10,1,1,2,12,58,70
6500,5,4,2,1,2,15,59,64
3000,5,2,2,1,2,16,53,62
NA,6,0,1,1,2,15,15,72
0,5,6,2,1,2,8,37,66
23000,5,9,1,1,2,18,21,69
NA,5,4,2,1,2,16,34,64
NA,5,3,2,1,2,14,11,63
NA,6,10,1,1,2,18,25,82
NA,5,3,2,1,2,16,54,63
40000,5,8,1,1,2,17,49,68
30000,6,0,1,1,2,14,51,72
0,5,3,2,1,2,14,61,63
14000,5,3,2,1,2,12,53,63
15000,5,9,2,1,2,12,56,69
26000,5,4,2,1,2,18,54,64
8000,5,11,2,1,2,12,65,71
24000,5,4,2,2,2,16,63,64
0,6,0,1,1,2,8,70,72
0,5,2,2,1,2,12,65,62
0,5,6,2,1,2,10,52,66
NA,6,0,1,1,2,12,50,72
5124,5,6,1,1,2,8,23,66
10000,5,1,2,1,2,15,65,61
NA,5,4,2,1,2,7,52,64
NA,5,2,2,2,2,13,70,62
0,5,9,2,1,2,13,71,69
12000,5,8,2,1,2,16,58,68
NA,5,6,2,1,2,12,67,66
0,5,6,2,1,2,12,67,66
NA,5,10,1,1,2,16,52,70
50000,5,8,1,1,2,17,56,68
NA,5,11,1,1,2,16,49,71
23000,5,4,2,1,2,13,64,64
0,5,1,2,1,2,16,50,61
NA,5,8,2,1,2,12,21,68
NA,5,3,2,1,2,9,21,63
NA,5,5,2,1,2,12,99,65
NA,5,4,2,1,2,12,72,64
NA,5,5,2,1,2,12,52,65
NA,5,4,2,1,2,14,71,64
40000,5,6,1,2,2,14,56,66
6000,5,2,2,2,2,13,64,62
NA,5,11,1,1,2,18,13,71
5000,5,5,2,2,2,16,60,65
NA,5,4,2,1,2,8,38,64
NA,5,6,2,1,2,12,19,66
NA,5,0,2,2,2,12,64,60
110000,5,6,1,1,2,18,53,66
NA,5,1,2,1,2,13,53,61
41000,6,0,1,1,1,13,58,72
NA,5,10,2,1,2,12,35,70
23000,5,3,2,1,2,13,12,63
NA,5,8,2,1,2,14,12,68
0,5,3,2,1,2,12,58,63
21000,5,10,1,1,2,12,67,70
4000,5,2,2,1,2,12,61,62
25000,5,11,1,1,2,12,54,71
30000,5,10,1,1,2,18,44,70
14000,5,4,2,1,2,11,39,64
6000,5,3,2,1,2,12,55,63
14000,5,5,2,1,2,12,44,65
43000,5,11,1,1,2,12,63,71
25000,5,2,2,1,2,15,57,62
40000,6,1,1,1,2,12,24,73
NA,5,4,2,1,2,16,17,64
65000,5,8,1,1,2,17,50,68
16000,6,4,1,1,2,15,58,76
NA,5,10,2,1,2,16,68,70
NA,6,1,1,1,2,16,25,73
NA,5,10,1,1,2,18,36,70
8000,5,6,2,1,2,12,19,66
20000,5,4,2,1,2,15,51,64
14000,5,0,2,1,2,14,18,60
45000,5,8,1,1,2,12,16,68
8000,5,1,2,1,2,11,18,61
NA,5,5,2,1,2,10,19,65
12000,5,6,1,1,2,12,62,66
8000,5,3,2,1,2,14,59,63
16000,5,3,2,1,2,15,58,63
NA,5,7,2,1,2,12,47,67
6000,6,2,1,1,2,15,17,74
NA,5,6,2,1,2,12,45,66
NA,5,2,2,1,2,13,52,62
19000,5,10,1,1,2,12,58,70
21000,5,8,2,1,2,13,51,68
43000,5,10,2,1,2,18,44,70
35000,5,9,1,1,2,15,69,69
8000,5,10,1,1,2,10,15,70
21000,5,3,2,1,2,14,49,63
5800,5,5,2,1,2,12,60,65
17000,5,9,1,1,2,12,44,69
NA,6,0,1,1,2,11,29,72
NA,5,5,2,1,2,12,48,65
24000,5,8,1,1,2,14,41,68
5000,5,2,2,1,2,11,19,62
NA,5,10,1,1,2,11,42,70
11000,5,6,2,1,2,12,67,66
10000,5,5,1,1,2,13,63,65
40000,5,10,1,1,2,14,54,70
0,5,6,2,2,2,12,53,66
NA,5,1,2,1,2,14,4,61
40000,5,10,1,1,2,12,43,70
24000,5,6,2,2,2,14,61,66
NA,5,5,2,1,2,12,10,65
NA,5,8,1,2,2,18,56,68
NA,5,8,2,1,2,12,65,68
24000,5,8,1,1,2,16,64,68
20000,5,8,1,1,2,16,57,68
NA,5,3,2,1,2,16,67,63
NA,5,10,1,1,2,18,51,70
60000,5,10,1,1,2,18,40,70
11000,5,5,2,1,2,13,43,65
5000,5,4,2,1,2,15,50,64
NA,5,6,2,1,1,12,18,66
NA,5,3,2,1,2,17,6,63
NA,5,9,1,1,2,18,51,69
27000,5,5,2,1,2,16,60,65
89000,6,5,1,1,2,16,49,77
40000,5,10,1,1,2,14,62,70
15000,5,4,2,1,2,16,64,64
1000,5,4,2,1,2,14,70,64
NA,5,9,1,1,2,12,22,69
0,5,2,2,1,2,12,62,62
22000,5,4,2,1,2,12,30,64
12000,5,4,2,1,2,8,42,64
22000,5,3,2,1,2,16,62,63
40000,4,10,2,2,2,12,34,58
NA,6,1,1,2,2,10,35,73
0,5,6,2,1,2,12,32,66
NA,5,4,2,1,2,16,50,64
40000,5,2,2,1,2,16,46,62
0,5,1,2,1,2,13,48,61
35000,5,4,2,1,1,14,37,64
7000,5,4,2,1,2,12,62,64
NA,5,10,1,1,2,14,50,70
14000,5,2,2,1,2,12,53,62
NA,5,2,2,1,2,12,70,62
15000,5,4,2,1,2,12,34,64
NA,5,4,2,1,2,14,38,64
0,5,6,2,2,2,14,59,66
6000,5,6,2,1,2,13,56,66
11000,5,9,2,2,2,12,49,69
NA,5,4,2,1,2,12,14,64
10000,5,4,2,1,2,13,59,64
0,5,2,2,1,2,12,31,62
NA,5,2,2,1,2,12,58,62
20000,5,11,1,1,2,14,49,71
NA,4,11,2,1,2,12,34,59
7000,5,2,2,1,2,12,17,62
38000,5,8,1,1,2,9,44,68
29000,5,8,1,1,2,9,32,68
20000,5,2,2,1,2,10,46,62
8000,5,3,2,1,2,12,33,63
36000,5,9,1,1,2,16,39,69
1500,5,7,2,1,2,12,46,67
42000,5,4,2,1,2,18,61,64
NA,5,8,2,1,2,17,46,68
25000,5,10,1,1,2,12,68,70
NA,5,2,2,1,2,16,49,62
NA,6,4,1,1,2,9,72,76
13000,5,9,1,1,2,10,70,69
NA,5,6,2,1,2,11,26,66
NA,5,6,2,1,2,12,19,66
NA,5,4,2,1,2,12,38,64
NA,6,0,1,4,2,15,41,72
30000,5,9,1,2,2,11,39,69
7000,5,9,1,1,2,12,67,69
NA,5,2,2,2,2,12,8,62
31000,5,0,2,2,2,12,42,60
15000,5,6,2,2,2,12,48,66
0,5,0,2,1,2,18,49,60
50000,5,7,1,1,2,16,41,67
NA,5,7,2,1,1,11,72,67
5000,5,6,1,1,2,15,70,66
NA,5,5,2,9,2,16,34,65
600,5,10,2,2,2,12,72,70
14000,5,4,2,2,2,8,39,64
NA,5,6,2,2,2,12,15,66
40000,5,0,2,3,2,18,55,60
24000,5,8,1,1,2,18,54,68
NA,5,6,2,2,2,12,31,66
22000,6,1,1,2,2,12,66,73
20000,6,0,1,1,2,8,54,72
20112,5,4,2,1,2,12,52,64
12000,5,7,1,1,2,13,23,67
NA,5,11,1,2,2,8,53,71
NA,5,10,1,1,2,18,21,70
NA,5,6,2,1,2,8,46,66
41000,5,7,2,1,2,13,50,67
13000,5,11,1,2,2,9,40,71
0,5,3,2,1,2,12,65,63
60000,6,1,1,1,2,16,59,73
24000,5,10,1,1,2,16,65,70
38000,5,10,1,1,2,16,54,70
3000,5,11,2,1,2,14,63,71
13000,5,6,2,1,2,12,60,66
5000,6,3,1,1,2,12,69,75
20000,5,0,2,1,2,14,53,60
22000,6,0,1,1,2,12,62,72
NA,5,10,2,1,2,14,50,70
0,5,3,2,2,2,16,67,63
28000,6,3,1,2,2,9,35,75
22000,5,0,2,1,2,12,49,60
30000,6,1,1,2,2,12,46,73
NA,5,5,1,2,2,6,20,65
30000,5,5,2,2,2,12,58,65
NA,5,3,2,1,2,17,27,63
NA,5,8,2,2,2,12,41,68
30000,5,7,1,1,2,16,59,67
32000,5,1,2,1,2,12,21,61
26000,5,9,2,1,2,17,47,69
22000,5,4,2,1,2,14,56,64
NA,5,2,2,1,2,14,18,62
25000,5,10,1,1,2,12,57,70
11000,5,8,2,1,2,10,66,68
NA,5,7,1,1,2,12,57,67
13000,5,2,2,1,2,12,37,62
10000,5,4,2,1,2,15,48,64
0,5,8,2,1,2,12,66,68
NA,6,0,1,1,2,16,58,72
12000,5,8,2,1,2,12,45,68
NA,5,4,2,1,2,17,52,64
0,5,6,1,1,2,13,33,66
7000,5,4,2,1,2,11,26,64
57000,6,1,1,1,2,14,53,73
36000,6,1,1,1,2,16,53,73
29000,5,9,1,1,1,14,61,69
8000,5,8,2,1,2,13,71,68
3000,5,11,1,2,2,11,72,71
0,5,3,2,1,2,12,26,63
NA,5,0,2,1,2,17,51,60
20000,5,6,2,1,2,16,49,66
0,5,6,2,1,2,12,54,66
33000,5,6,1,1,2,12,33,66
15000,5,8,2,1,1,12,22,68
16000,5,10,1,1,2,12,57,70
5000,5,2,2,1,2,12,12,62
8000,5,6,2,1,2,14,47,66
32000,5,3,2,2,2,16,56,63
14500,6,3,1,1,2,12,66,75
13000,5,7,2,1,2,12,61,67
NA,5,8,1,1,2,16,63,68
NA,5,0,2,2,2,12,56,60
0,5,2,2,1,2,10,70,62
NA,5,10,2,1,2,11,33,70
7000,5,3,2,1,2,9,65,63
50000,5,5,2,2,2,18,25,65
12000,5,9,2,2,2,12,55,69
19000,5,11,1,1,2,14,29,71
NA,5,7,2,1,2,10,30,67
9000,5,2,2,1,2,12,35,62
NA,5,4,2,1,2,12,52,64
20000,5,5,2,2,2,12,55,65
55000,6,0,1,1,1,18,55,72
NA,5,8,2,1,2,14,30,68
NA,5,2,2,2,2,12,19,62
NA,6,3,1,1,2,18,59,75
10000,5,5,2,1,2,12,50,65
NA,5,2,2,1,2,16,30,62
NA,5,5,2,1,2,12,23,65
13000,5,3,2,1,2,12,71,63
NA,5,6,2,1,2,18,60,66
20000,5,4,2,1,2,13,59,64
NA,5,8,2,1,2,16,61,68
30000,6,0,1,1,2,12,64,72
12000,5,4,2,1,2,12,56,64
26000,5,10,2,1,2,13,57,70
12500,5,5,2,1,2,12,63,65
8000,5,4,2,1,2,12,61,64
15000,5,4,2,1,1,16,58,64
65000,5,7,1,1,2,14,65,67
25000,6,1,1,1,2,10,69,73
8000,6,1,1,1,1,14,69,73
15000,5,5,1,3,2,14,69,65
12000,5,4,2,1,2,16,50,64
NA,6,0,1,1,2,12,48,72
35000,5,7,2,2,2,13,53,67
40000,5,7,1,1,2,16,59,67
NA,5,6,2,1,1,14,66,66
29000,6,2,1,1,2,12,68,74
NA,5,2,2,1,2,12,24,62
NA,5,0,2,1,2,10,16,60
NA,5,4,2,1,2,12,57,64
15000,5,3,2,1,2,13,59,63
20000,6,2,1,1,2,12,54,74
3000,6,2,1,2,2,6,28,74
1000,5,3,2,2,2,16,71,63
8000,5,2,2,2,2,11,67,62
5000,5,2,2,1,2,12,72,62
25000,5,7,2,1,2,16,63,67
NA,6,3,1,1,2,13,68,75
20000,5,9,1,1,2,12,33,69
NA,5,5,2,1,2,12,64,65
30000,6,1,1,1,2,12,56,73
12000,5,3,2,1,2,12,55,63
NA,4,11,2,1,2,11,10,59
0,5,0,2,1,2,12,56,60
NA,5,5,2,1,2,14,52,65
NA,5,4,1,2,2,14,56,64
NA,5,4,2,2,2,10,31,64
NA,5,6,2,1,2,15,38,66
NA,5,4,2,1,2,18,12,64
10000,5,7,2,1,2,14,58,67
16000,5,9,1,1,2,12,71,69
45000,5,11,1,1,2,12,61,71
40000,6,0,1,1,2,14,36,72
NA,6,0,1,1,2,12,64,72
0,5,3,2,1,2,12,28,63
NA,5,6,2,1,2,13,57,66
25000,5,10,1,1,2,14,9,70
19000,5,4,2,1,2,14,38,64
17600,5,4,2,1,2,16,60,64
7000,5,8,1,1,2,12,23,68
30000,6,2,1,1,2,12,58,74
18000,5,2,2,1,2,11,43,62
NA,5,3,2,1,1,8,49,63
25000,5,5,2,1,2,16,43,65
0,5,6,2,1,2,14,35,66
6000,5,0,2,1,2,5,28,60
70000,5,9,1,1,2,18,48,69
15000,5,1,2,3,2,16,56,61
NA,5,8,1,1,2,12,29,68
25000,5,5,2,1,2,17,57,65
35000,5,6,2,1,2,16,62,66
18000,5,10,1,1,2,16,66,70
28000,6,0,1,2,2,15,60,72
NA,5,6,2,1,2,12,41,66
NA,5,7,1,1,1,12,67,67
15000,5,4,2,1,1,11,69,64
22000,5,11,1,1,1,14,62,71
0,5,3,2,1,2,12,61,63
35000,6,1,1,1,2,12,60,73
18000,5,4,2,2,2,15,44,64
35000,5,8,1,1,2,14,53,68
16400,5,4,2,2,2,12,69,64
22000,5,6,1,2,2,16,53,66
30000,5,7,2,1,2,16,32,67
17000,5,4,2,1,1,12,63,64
25000,5,4,2,2,2,14,54,64
10000,5,2,2,1,2,12,39,62
40000,5,9,1,1,2,12,53,69
12500,5,3,2,1,2,12,27,63
NA,5,2,2,1,2,12,16,62
NA,5,3,2,1,2,12,13,63
NA,5,3,2,1,2,12,60,63
35000,6,0,1,1,2,15,45,72
0,5,1,2,9,1,16,67,61
105000,6,3,1,1,2,12,41,75
NA,5,11,1,1,2,12,63,71
100000,5,10,1,1,2,18,50,70
NA,5,0,2,1,2,12,29,60
21000,5,9,1,1,2,12,39,69
10000,5,4,2,1,2,14,34,64
33000,6,0,1,1,2,12,64,72
26000,5,9,1,1,2,18,65,69
60000,5,3,2,1,2,10,12,63
NA,5,6,2,1,2,16,39,66
NA,5,4,2,1,2,16,6,64
18000,5,11,1,1,2,16,45,71
NA,5,4,2,1,2,12,19,64
15000,4,11,2,1,2,8,29,59
5000,5,8,1,1,2,13,70,68
NA,6,3,1,1,2,16,34,75
60000,6,5,1,1,2,17,48,77
12000,5,8,2,1,2,14,21,68
28000,5,10,1,2,2,18,52,70
42000,5,9,1,1,2,18,47,69
2000,5,3,2,1,2,12,57,63
NA,5,5,2,1,2,16,36,65
20000,6,1,1,2,2,18,57,73
28000,5,6,1,3,2,15,50,66
10000,6,0,1,2,2,17,28,72
0,5,6,1,1,2,16,25,66
31000,6,0,1,2,2,12,59,72
17000,5,9,2,2,2,13,53,69
16000,5,7,2,1,2,12,51,67
35000,5,6,2,1,2,15,52,66
3000,5,7,2,1,2,12,64,67
NA,5,8,2,1,2,11,12,68
NA,6,0,1,1,2,10,39,72
NA,5,10,1,1,2,12,62,70
16000,5,8,2,1,2,18,51,68
35000,5,5,2,2,2,15,48,65
27000,5,2,2,2,2,17,57,62
25000,5,9,1,1,2,17,61,69
0,5,2,2,1,2,14,12,62
40000,5,10,1,1,2,16,49,70
45000,5,6,2,1,2,16,47,66
14000,5,6,1,1,2,12,67,66
NA,NA,NA,2,2,2,16,99,NA
25000,5,6,2,1,2,14,53,66
NA,5,2,2,2,2,12,20,62
40000,6,0,1,1,2,12,48,72
NA,6,2,1,1,2,12,50,74
NA,5,9,1,1,2,10,35,69
34000,5,9,1,1,2,12,55,69
40000,5,6,1,1,2,12,56,66
NA,5,11,1,1,2,16,7,71
35000,5,9,1,1,2,14,62,69
12000,5,0,2,1,1,12,39,60
30000,5,5,2,1,2,17,47,65
23000,5,2,2,1,2,12,50,62
2000,5,7,2,1,2,12,60,67
20000,5,7,1,1,2,14,65,67
10000,5,8,2,2,2,9,28,68
0,5,5,2,2,2,6,23,65
NA,5,3,2,1,2,16,57,63
NA,5,5,2,9,2,12,31,65
NA,5,4,2,4,2,12,71,64
NA,5,6,2,2,2,11,26,66
60000,5,6,2,2,2,16,47,66
12000,6,2,1,2,2,16,49,74
25000,5,5,2,1,2,18,29,65
22000,5,3,2,2,2,14,17,63
0,5,2,2,1,2,12,52,62
8000,5,8,1,1,2,17,65,68
NA,5,8,2,1,2,17,68,68
2000,5,6,2,1,2,16,69,66
NA,5,4,2,1,2,14,60,64
NA,5,1,2,1,2,13,70,61
18600,5,5,2,1,2,16,64,65
20000,5,2,2,1,2,14,70,62
100000,6,1,1,1,2,18,53,73
50000,5,2,2,1,2,15,50,62
27000,5,10,1,1,2,12,48,70
1000,4,10,2,2,2,12,32,58
18000,5,8,1,1,2,12,70,68
17000,5,7,2,1,2,14,67,67
10000,5,4,2,1,2,12,16,64
NA,5,11,1,2,2,16,24,71
NA,5,8,2,1,2,16,53,68
14000,5,10,1,1,2,14,55,70
7200,6,0,1,1,2,14,24,72
NA,5,7,1,1,2,11,39,67
0,5,3,2,9,2,8,38,63
33000,5,3,2,1,2,17,51,63
23000,5,6,1,1,2,12,56,66
10000,5,5,2,1,2,12,49,65
22000,5,1,1,1,2,12,66,61
13000,5,1,2,1,1,12,71,61
33000,5,7,2,1,2,12,59,67
36000,6,1,1,1,2,12,54,73
NA,5,6,2,2,2,10,26,66
10000,5,11,2,2,2,14,58,71
6000,5,4,2,1,2,12,30,64
NA,5,10,1,1,2,11,27,70
12000,5,7,2,1,2,12,47,67
10000,5,2,2,1,2,11,43,62
21000,5,7,2,1,2,12,45,67
26000,5,9,1,1,2,12,58,69
22000,5,6,2,2,2,12,40,66
23000,5,6,2,2,2,15,36,66
20000,5,6,1,1,2,15,66,66
NA,5,4,2,1,2,16,49,64
10000,5,6,2,1,2,13,52,66
15000,5,4,2,1,2,12,19,64
7000,6,0,1,2,2,14,66,72
15000,5,4,2,1,2,12,52,64
0,5,4,2,1,2,12,30,64
26000,5,5,2,1,2,16,56,65
NA,5,8,1,1,2,12,45,68
10000,6,0,1,1,2,11,59,72
NA,5,5,2,1,2,18,48,65
0,5,3,2,1,2,8,33,63
3000,5,11,1,1,2,14,70,71
27000,5,4,2,1,1,17,49,64
NA,5,10,1,2,2,16,38,70
NA,5,6,2,1,2,18,51,66
28000,5,4,2,1,2,17,65,64
NA,5,9,2,1,2,12,68,69
15000,5,7,2,1,2,12,63,67
55000,6,3,1,1,2,18,60,75
20000,5,6,2,1,1,17,64,66
8500,5,7,2,1,2,12,46,67
0,5,8,2,1,2,12,32,68
NA,5,7,2,1,2,13,59,67
NA,6,3,1,2,2,8,49,75
30000,5,11,1,1,2,16,60,71
0,5,2,2,1,2,12,24,62
NA,5,8,2,1,2,13,36,68
NA,5,7,2,1,2,14,72,67
20000,5,8,2,1,2,12,59,68
NA,5,10,2,1,2,15,33,70
22000,5,10,1,1,2,6,15,70
25000,5,7,1,1,2,16,64,67
0,5,4,2,1,2,16,28,64
NA,5,5,2,1,2,13,27,65
NA,5,4,2,2,2,12,57,64
NA,5,5,2,1,2,12,26,65
3000,5,11,1,1,2,8,68,71
16000,5,3,2,1,2,12,41,63
NA,5,10,1,1,2,12,59,70
NA,5,10,1,1,2,14,63,70
0,5,4,2,1,2,12,33,64
10000,5,1,2,2,2,12,51,61
NA,5,8,2,1,2,14,44,68
15000,5,5,2,2,2,12,62,65
28000,5,7,1,1,2,12,44,67
NA,5,7,2,1,2,12,45,67
NA,5,8,2,1,2,12,21,68
NA,4,11,2,1,2,6,14,59
NA,5,8,1,1,2,9,43,68
NA,5,3,2,1,2,12,37,63
31500,5,5,1,1,2,14,55,65
95000,5,6,1,1,2,18,38,66
NA,5,8,1,1,2,17,29,68
NA,5,9,2,1,2,12,37,69
38000,5,7,1,1,2,12,50,67
NA,6,0,1,1,2,8,20,72
NA,5,3,2,1,2,16,17,63
30000,6,2,1,1,2,12,49,74
35900,6,2,1,1,2,16,48,74
12000,5,6,2,1,2,13,68,66
NA,5,8,2,1,2,12,44,68
NA,5,8,2,1,2,16,99,68
NA,6,0,1,1,2,15,55,72
10000,5,9,2,1,2,16,65,69
45000,5,6,2,1,2,18,46,66
NA,5,2,2,1,2,12,71,62
NA,5,8,1,1,2,11,65,68
40000,6,2,1,1,2,16,34,74
NA,5,2,2,1,2,16,48,62
21500,6,0,1,1,2,12,63,72
14000,5,6,1,1,2,12,28,66
38000,5,7,1,4,2,17,36,67
1000,5,5,2,1,2,12,72,65
14000,5,6,1,1,2,12,17,66
15000,5,5,2,1,2,12,59,65
NA,5,0,2,1,2,12,99,60
NA,5,4,2,1,2,16,67,64
0,5,2,2,1,1,12,27,62
NA,5,4,2,1,2,12,20,64
24000,5,8,2,1,2,13,48,68
4500,5,4,2,1,2,16,67,64
18000,5,4,2,1,2,16,27,64
NA,5,10,1,1,2,8,42,70
NA,5,4,2,1,2,12,71,64
14000,5,3,2,1,2,12,70,63
10000,5,9,2,1,2,12,62,69
9500,5,7,2,1,2,12,58,67
11000,5,3,2,1,2,15,24,63
17000,5,7,1,1,2,12,23,67
6000,5,0,2,1,2,13,62,60
2500,5,2,2,1,2,11,32,62
40000,6,0,1,1,2,16,49,72
0,5,7,2,1,2,14,55,67
25000,5,7,1,1,2,16,51,67
NA,NA,NA,1,1,2,13,29,NA
NA,5,8,2,1,2,13,25,68
28000,5,6,2,2,2,15,30,66
33000,5,6,2,2,2,12,45,66
NA,5,8,2,1,2,16,28,68
4000,5,0,2,1,2,8,26,60
0,5,7,2,1,2,12,61,67
4100,5,5,1,1,2,16,60,65
NA,5,0,1,1,2,11,14,60
25000,5,9,2,1,2,12,8,69
32000,6,0,1,1,2,12,62,72
NA,5,5,1,1,1,9,50,65
NA,5,9,1,1,2,14,52,69
13000,5,4,2,1,2,8,32,64
8000,5,4,1,1,1,8,63,64
NA,5,8,1,3,2,12,2,68
0,5,2,2,3,2,17,64,62
NA,5,7,2,1,2,11,24,67
0,5,5,2,1,2,13,34,65
17000,5,4,2,1,2,12,52,64
15000,5,7,2,1,2,12,13,67
18000,5,6,1,1,2,13,58,66
12000,6,1,1,1,2,12,66,73
7000,6,2,1,1,2,7,41,74
0,5,6,2,1,2,12,66,66
1200,5,5,2,1,2,14,68,65
0,6,0,1,1,2,12,72,72
0,5,4,2,1,2,12,72,64
NA,5,2,2,1,2,9,31,62
NA,6,2,1,1,2,11,33,74
14000,5,3,1,1,2,12,69,63
17000,5,3,2,1,2,12,50,63
30000,5,6,1,1,2,12,48,66
NA,5,9,1,1,2,6,29,69
0,6,0,1,1,2,10,27,72
NA,5,2,2,1,2,14,15,62
NA,5,3,2,1,2,14,42,63
NA,5,4,2,1,2,12,9,64
25000,5,10,1,1,2,12,37,70
NA,5,9,1,1,2,12,31,69
22000,5,6,2,1,1,12,57,66
15000,5,3,2,1,2,12,69,63
NA,5,2,2,1,2,16,52,62
27000,6,1,1,1,2,12,99,73
20000,5,3,2,1,2,16,64,63
9000,5,9,2,1,2,11,56,69
0,5,6,2,1,2,14,66,66
17000,6,1,1,1,2,12,60,73
NA,5,5,2,1,2,14,69,65
NA,5,6,2,1,2,15,55,66
NA,5,11,1,1,2,12,69,71
1800,5,8,2,1,2,12,44,68
18000,5,4,2,1,2,12,44,64
25000,5,3,2,1,2,18,48,63
NA,6,0,1,1,2,12,42,72
NA,5,6,2,2,2,14,43,66
20000,5,10,1,2,2,16,49,70
75000,5,4,2,1,2,15,50,64
3500,5,6,2,1,2,12,50,66
36000,5,1,2,1,2,12,19,61
30000,6,0,1,1,2,12,65,72
25000,5,5,2,1,2,13,12,65
1000,5,4,2,1,2,14,64,64
60000,5,8,1,1,2,12,24,68
NA,5,4,2,1,2,12,17,64
35000,6,2,1,1,2,13,14,74
9000,5,7,1,1,2,13,57,67
35000,5,10,1,1,2,9,6,70
11000,5,6,2,1,2,10,32,66
12000,5,11,1,1,2,12,38,71
30000,5,11,1,1,2,12,47,71
19000,5,11,1,2,2,7,33,71
NA,5,7,2,1,2,12,44,67
9000,6,2,1,1,2,9,29,74
30000,6,3,1,1,2,16,61,75
0,5,2,2,1,2,12,57,62
9000,6,0,1,1,2,12,58,72
15000,5,6,2,1,1,16,60,66
8000,5,5,2,2,2,12,59,65
NA,5,10,1,1,2,8,45,70
10000,5,6,2,1,2,10,15,66
NA,5,10,1,1,2,18,37,70
33000,6,0,1,1,2,12,53,72
NA,5,10,1,2,2,10,30,70
NA,6,0,2,2,2,5,7,72
NA,5,4,2,2,2,9,25,64
12000,5,0,2,1,1,12,62,60
18000,5,4,2,1,2,15,53,64
NA,5,1,2,1,1,8,57,61
NA,5,6,2,2,2,12,31,66
30000,5,5,2,1,2,13,29,65
12500,5,5,2,1,2,12,58,65
10000,5,2,2,2,2,12,54,62
8500,5,8,1,2,2,13,19,68
NA,5,7,2,2,2,7,34,67
NA,5,7,2,1,2,13,54,67
21000,6,1,1,2,2,14,44,73
0,5,3,2,1,2,12,61,63
21000,5,4,2,1,2,12,13,64
NA,5,10,1,1,2,12,43,70
NA,5,3,2,1,2,12,58,63
0,5,6,2,1,2,13,66,66
NA,5,1,2,1,2,12,19,61
21000,5,8,2,1,2,17,65,68
0,5,3,2,1,2,13,51,63
5000,5,6,2,1,2,12,38,66
22000,5,11,2,1,2,17,54,71
NA,5,7,1,2,2,8,16,67
30000,6,1,1,1,2,14,64,73
0,5,4,2,1,2,12,62,64
123000,5,1,2,1,2,14,32,61
8000,5,3,2,1,2,9,45,63
0,5,3,2,1,2,9,36,63
0,5,2,2,1,2,8,34,62
2000,5,4,2,1,2,9,65,64
7600,5,7,2,1,2,6,28,67
0,5,7,2,1,2,12,72,67
NA,5,6,2,1,2,8,21,66
NA,6,0,1,1,2,14,68,72
NA,6,1,1,1,2,16,31,73
NA,5,6,2,1,2,15,63,66
NA,5,6,2,2,2,12,60,66
0,5,1,2,1,2,18,45,61
10000,5,3,2,1,2,12,65,63
35000,6,1,1,1,2,12,42,73
NA,5,4,2,1,2,12,64,64
15000,5,6,2,1,2,16,33,66
4000,5,10,2,1,2,12,68,70
16000,5,8,1,1,2,8,66,68
200,5,7,2,1,2,12,57,67
23000,6,2,1,1,2,16,65,74
16000,5,4,2,1,2,16,63,64
0,5,1,2,1,2,12,63,61
0,5,6,2,1,2,12,38,66
6000,5,0,2,1,2,12,41,60
600,4,11,2,1,2,9,44,59
0,5,2,2,2,2,16,54,62
NA,6,2,1,2,2,14,67,74
0,5,2,2,2,2,14,29,62
NA,5,2,2,2,2,12,69,62
0,5,2,2,1,2,12,65,62
28000,6,3,1,4,2,16,56,75
NA,5,6,2,1,2,8,43,66
4000,5,6,2,1,2,8,24,66
15000,5,4,1,1,2,12,55,64
15000,5,11,1,1,2,12,65,71
NA,5,6,2,1,2,18,54,66
NA,5,10,1,1,2,13,29,70
0,5,1,2,1,2,10,55,61
25000,5,3,2,1,2,12,60,63
15000,5,7,2,1,2,12,64,67
NA,6,2,2,1,2,12,41,74
40000,5,9,1,1,2,11,46,69
30000,5,10,1,1,2,11,39,70
5000,5,6,2,1,2,12,61,66
35000,6,2,1,1,2,14,56,74
16000,5,5,2,1,2,14,59,65
NA,5,3,2,1,2,12,54,63
NA,5,8,2,1,2,12,15,68
28000,5,4,2,1,2,16,50,64
20000,5,8,1,1,2,15,48,68
21000,5,6,1,1,2,13,60,66
NA,5,3,2,1,2,12,51,63
17000,5,9,1,2,2,12,48,69
24000,5,0,2,1,2,13,40,60
25000,5,1,2,1,2,12,15,61
40000,6,3,1,1,2,12,44,75
NA,5,10,1,1,2,9,65,70
0,5,3,2,1,1,9,67,63
0,5,9,1,1,2,13,70,69
0,5,6,2,1,2,16,27,66
8000,5,4,2,1,2,13,71,64
NA,5,7,2,1,2,13,64,67
19000,5,3,2,1,1,15,45,63
NA,5,4,2,1,2,12,14,64
NA,5,4,2,1,1,11,54,64
45000,5,7,2,1,2,16,21,67
5000,5,4,1,2,2,17,57,64
0,6,0,1,1,2,14,69,72
24000,5,3,2,2,2,14,50,63
5000,5,7,2,1,2,14,71,67
NA,5,3,2,1,1,14,48,63
33000,5,6,1,1,2,16,56,66
24000,5,5,2,1,2,14,66,65
6000,5,3,2,1,2,13,67,63
90000,5,6,2,1,2,14,35,66
0,5,4,2,1,2,16,45,64
57000,5,4,2,1,2,18,43,64
NA,5,8,2,1,2,14,69,68
13800,5,11,1,1,2,14,36,71
30000,5,11,1,1,2,18,53,71
15000,6,0,1,1,2,12,50,72
15000,5,0,2,1,2,14,15,60
31000,5,10,1,1,2,12,61,70
33000,6,2,1,1,2,17,50,74
NA,6,2,1,1,2,8,34,74
30000,5,8,1,1,2,18,29,68
12000,6,2,1,1,2,12,52,74
5000,6,3,1,1,2,12,68,75
21000,5,8,1,1,2,12,31,68
NA,6,0,1,1,2,12,31,72
28000,5,3,2,1,2,18,44,63
NA,5,5,2,1,2,12,54,65
NA,5,11,1,1,2,9,28,71
12000,6,0,1,1,2,12,59,72
19000,5,4,2,1,2,12,44,64
6000,5,3,2,1,2,14,55,63
5300,5,6,2,1,2,13,30,66
NA,5,6,2,2,2,12,69,66
15000,5,1,2,1,2,13,62,61
NA,5,0,1,2,2,2,0,60
NA,6,0,1,1,2,16,21,72
0,5,2,2,1,2,12,61,62
NA,5,5,2,1,2,11,31,65
17000,6,1,1,1,2,12,44,73
NA,5,6,2,2,2,4,16,66
4700,5,6,2,2,2,12,12,66
NA,5,7,2,1,2,12,15,67
0,5,8,2,1,2,12,72,68
9500,5,2,2,1,2,12,25,62
1700,5,5,1,1,2,12,68,65
0,5,3,2,1,2,14,47,63
5400,5,2,2,1,2,12,59,62
10000,5,8,1,1,2,12,59,68
25000,4,11,2,1,2,15,7,59
0,5,2,2,1,2,12,51,62
NA,5,9,1,1,2,13,52,69
NA,5,10,2,1,2,14,57,70
NA,NA,NA,2,1,2,12,99,NA
NA,5,6,1,1,2,8,8,66
0,5,4,2,1,2,9,27,64
NA,4,11,2,1,2,12,8,59
NA,5,2,2,1,2,10,17,62
NA,5,8,1,1,2,12,48,68
NA,4,11,2,1,2,12,29,59
35000,5,8,2,1,2,16,47,68
NA,5,3,2,1,2,11,44,63
28000,5,3,2,1,2,18,46,63
42000,5,3,2,1,2,12,50,63
NA,5,2,2,1,2,12,48,62
45000,5,8,1,1,2,12,32,68
55000,5,4,2,1,2,12,39,64
NA,5,3,2,1,9,12,47,63
NA,5,5,2,1,2,15,51,65
NA,6,0,1,1,2,17,35,72
36000,5,10,2,1,2,16,60,70
NA,5,6,2,1,2,12,9,66
25000,5,10,1,1,2,10,59,70
19000,6,0,1,1,2,12,62,72
38000,5,9,1,1,2,11,40,69
15000,5,3,2,1,2,14,53,63
4500,4,10,2,1,2,5,5,58
96000,5,3,2,1,2,14,63,63
11000,5,3,2,1,2,12,43,63
9000,6,1,1,1,2,15,56,73
5000,5,9,2,1,2,14,66,69
50000,5,10,1,1,2,12,39,70
0,5,6,2,1,2,12,31,66
NA,5,0,2,1,2,15,34,60
0,5,6,2,1,2,16,28,66
6000,5,5,2,1,2,13,46,65
100000,6,0,1,1,2,13,68,72
16500,5,2,2,1,2,13,44,62
NA,6,0,1,1,2,12,36,72
0,5,9,1,1,2,12,72,69
NA,5,5,2,2,2,12,58,65
NA,6,1,1,2,2,14,64,73
NA,5,6,2,2,2,12,50,66
32000,6,0,1,1,2,14,50,72
30000,6,1,1,1,2,18,49,73
10000,5,8,2,1,2,16,48,68
NA,4,11,2,1,2,12,28,59
0,5,4,2,1,2,12,55,64
15000,5,6,2,1,2,12,71,66
NA,5,2,2,1,2,16,99,62
6500,5,0,2,1,2,8,7,60
26000,5,0,2,1,2,18,27,60
17000,5,5,2,1,2,12,31,65
22000,5,3,2,4,2,18,31,63
NA,5,6,2,1,2,12,11,66
10000,5,4,2,1,2,12,49,64
50000,5,11,1,1,2,14,32,71
20000,5,7,1,1,2,12,55,67
NA,5,3,2,1,2,13,53,63
NA,5,3,2,1,2,12,23,63
0,5,7,2,1,2,13,31,67
400,5,3,2,1,2,12,59,63
NA,6,0,1,1,2,12,23,72
16000,5,5,2,1,2,14,31,65
NA,5,6,2,1,2,14,47,66
10000,5,6,2,1,2,12,24,66
14000,5,3,2,1,2,13,32,63
5000,5,5,2,1,2,15,70,65
40000,6,2,1,1,2,16,56,74
5000,5,7,2,1,2,13,35,67
25000,5,8,2,1,2,17,43,68
12000,5,5,2,1,2,12,39,65
58000,5,4,2,1,2,16,56,64
18000,5,8,2,1,2,16,64,68
1000,5,5,1,1,2,12,72,65
21000,6,0,1,1,2,17,43,72
11000,5,6,1,2,2,12,28,66
NA,5,9,1,1,2,7,13,69
13000,5,4,2,1,2,12,54,64
0,5,4,2,1,2,12,37,64
20000,5,0,2,4,2,16,2,60
25000,6,0,1,2,2,12,55,72
NA,5,10,1,1,1,8,16,70
NA,5,0,2,1,2,16,99,60
600,5,4,2,1,2,12,47,64
25000,5,7,1,2,2,14,64,67
NA,5,9,1,1,2,12,99,69
36000,5,8,1,1,2,12,62,68
15000,5,4,2,4,2,13,57,64
NA,5,4,2,1,2,14,54,64
3500,5,6,2,1,2,12,39,66
19005,5,5,2,1,2,16,56,65
62000,5,10,1,1,2,14,36,70
NA,5,9,1,1,2,16,55,69
25000,5,10,1,1,2,12,48,70
50000,5,6,1,1,2,12,38,66
0,5,4,2,1,2,12,62,64
0,5,6,2,1,2,13,64,66
40000,5,6,1,1,2,12,29,66
26000,6,2,1,1,2,18,64,74
NA,5,6,2,1,2,12,18,66
NA,5,8,1,1,2,14,34,68
22000,5,2,2,1,2,12,42,62
21000,5,6,2,1,2,17,51,66
6108,5,2,2,1,2,12,25,62
30000,5,5,2,2,2,18,26,65
NA,5,6,2,1,2,11,22,66
NA,5,4,2,1,2,9,99,64
NA,5,4,2,1,2,12,11,64
6000,5,3,2,1,2,12,12,63
NA,5,6,2,1,2,8,15,66
27000,5,11,1,1,2,16,61,71
NA,5,4,2,1,1,10,64,64
4000,5,6,2,1,2,16,48,66
NA,5,6,2,1,2,17,31,66
4416,5,2,2,9,2,6,18,62
NA,5,6,2,1,2,12,51,66
NA,5,4,2,2,2,9,28,64
NA,5,7,2,1,2,16,57,67
0,5,2,2,1,2,12,14,62
5000,5,3,2,1,2,10,3,63
0,5,5,2,1,2,9,15,65
45000,5,7,1,1,2,18,50,67
18000,5,1,2,1,2,14,45,61
6000,5,6,2,1,2,15,68,66
0,5,1,2,1,2,12,41,61
14000,6,0,1,1,2,12,66,72
35000,5,9,2,1,2,14,66,69
NA,5,6,2,1,2,12,49,66
15000,5,4,2,1,2,16,61,64
12000,5,3,2,2,2,12,61,63
1000,5,0,2,1,2,12,43,60
32000,5,10,1,2,2,15,57,70
NA,5,6,2,1,2,15,65,66
NA,5,9,1,1,2,17,54,69
NA,6,0,1,1,2,12,70,72
1500,6,1,1,1,2,12,71,73
NA,5,4,2,1,2,12,72,64
NA,5,6,2,1,2,13,71,66
3000,5,5,2,2,2,16,67,65
NA,5,11,1,1,2,15,48,71
35000,5,4,2,1,2,12,48,64
0,5,3,2,1,2,12,45,63
0,5,3,2,1,2,16,61,63
70000,6,0,1,1,2,15,42,72
21000,5,7,2,1,2,16,62,67
50000,5,9,1,1,2,11,72,69
15000,5,11,1,1,2,9,69,71
0,5,8,1,1,1,10,72,68
NA,5,4,2,1,2,12,60,64
0,6,1,1,2,2,12,70,73
NA,5,2,2,2,2,9,27,62
9000,5,6,2,2,2,8,55,66
NA,5,8,1,1,2,12,53,68
NA,5,4,2,2,2,14,27,64
10000,5,3,2,2,2,14,65,63
0,5,5,2,1,2,12,30,65
NA,5,6,2,2,2,18,47,66
NA,5,4,1,1,2,12,9,64
30000,5,11,1,1,2,12,43,71
16000,6,0,1,1,2,14,69,72
20000,5,8,1,1,2,12,39,68
0,5,4,2,1,2,12,45,64
100000,6,0,1,1,2,17,36,72
NA,6,0,1,1,2,12,21,72
10000,5,6,2,1,2,12,47,66
NA,6,0,2,1,2,18,55,72
35000,5,6,1,1,2,14,27,66
7000,5,5,2,1,2,16,59,65
0,5,5,2,1,2,12,28,65
0,5,6,2,1,2,12,38,66
0,5,5,2,1,2,11,52,65
8000,5,11,1,2,2,14,63,71
11000,6,2,1,1,2,10,40,74
25000,5,10,1,1,2,9,43,70
25000,5,4,2,1,2,14,45,64
30000,5,9,1,1,2,14,42,69
NA,5,3,2,1,2,12,61,63
0,5,6,1,1,2,12,64,66
48000,5,3,2,1,2,18,56,63
17000,5,8,2,1,2,12,44,68
NA,5,6,1,1,2,12,21,66
NA,6,6,1,1,2,12,26,78
0,5,11,2,1,2,8,20,71
NA,5,10,1,1,2,16,62,70
NA,6,0,1,1,2,16,67,72
26000,6,1,1,1,2,16,66,73
NA,5,9,1,1,2,12,58,69
10000,5,3,2,1,2,12,29,63
NA,5,2,2,1,2,18,40,62
0,5,5,2,1,2,11,33,65
NA,5,6,2,1,2,12,31,66
60000,5,11,1,1,2,18,37,71
22000,5,5,2,1,2,18,61,65
NA,5,2,2,1,2,12,70,62
NA,5,10,1,1,2,12,13,70
NA,5,4,2,1,2,12,26,64
NA,6,0,1,1,2,16,46,72
6200,5,4,2,1,2,13,7,64
24000,5,5,2,1,2,16,58,65
20000,5,11,1,1,2,14,50,71
7000,5,10,2,1,2,14,60,70
0,6,1,1,2,2,12,71,73
NA,5,7,2,1,2,15,61,67
NA,5,2,2,1,2,12,30,62
30000,5,8,2,2,2,16,42,68
23000,5,6,2,1,2,18,62,66
20000,5,4,2,1,2,12,50,64
3000,5,6,2,1,2,16,61,66
0,5,3,2,1,2,12,59,63
30000,5,10,1,1,2,16,49,70
NA,5,6,2,1,2,12,67,66
12000,5,4,2,1,2,14,67,64
NA,5,6,2,1,2,5,17,66
0,5,6,2,1,2,7,49,66
NA,5,9,1,1,2,15,69,69
0,5,3,2,1,2,10,53,63
40000,5,11,1,1,2,12,52,71
15000,5,4,2,1,2,14,67,64
NA,6,1,1,1,2,8,26,73
NA,5,2,2,1,2,12,61,62
36000,5,3,2,1,2,16,45,63
10000,5,6,2,1,2,12,37,66
NA,5,10,2,1,2,14,65,70
0,5,3,2,1,2,11,25,63
13000,5,8,2,1,2,14,42,68
0,5,5,2,1,2,12,31,65
0,5,1,2,1,2,14,49,61
10000,5,2,2,2,2,12,63,62
30000,5,9,1,2,1,12,53,69
NA,5,9,1,1,2,11,72,69
NA,5,5,2,1,2,12,57,65
23000,5,4,1,1,2,13,58,64
20000,5,10,1,1,2,17,22,70
19000,5,5,2,1,2,13,8,65
NA,5,8,2,1,2,16,30,68
20000,5,1,1,2,2,11,24,61
28000,5,4,1,2,2,14,27,64
13000,5,5,2,1,2,10,10,65
12000,5,4,1,1,2,12,15,64
NA,5,3,2,1,2,18,54,63
20000,5,9,1,1,2,11,67,69
NA,5,6,2,1,2,14,28,66
NA,6,0,1,1,2,8,25,72
NA,5,1,2,1,2,8,12,61
25000,6,2,1,1,2,12,60,74
NA,5,11,1,1,2,12,68,71
25000,5,8,2,1,2,13,38,68
0,5,8,2,1,2,12,56,68
0,5,5,2,1,2,14,49,65
18000,5,7,2,1,2,16,50,67
0,5,5,2,1,2,12,72,65
0,5,4,2,1,2,18,44,64
6000,5,2,2,1,2,10,22,62
16000,6,0,1,1,2,13,67,72
45000,6,1,1,1,2,16,52,73
NA,5,0,2,1,2,12,60,60
25000,5,10,1,1,2,14,21,70
12000,5,4,2,1,2,14,52,64
2000,5,8,2,1,2,12,72,68
NA,5,2,2,1,2,17,47,62
NA,5,2,2,1,2,10,19,62
10000,5,3,2,1,2,12,72,63
NA,5,0,2,1,2,17,49,60
14000,5,11,1,1,2,12,54,71
15000,5,4,2,1,2,12,59,64
0,5,7,2,1,2,11,53,67
10000,5,0,2,1,2,12,51,60
NA,5,4,2,1,2,10,20,64
1200,5,6,2,1,2,4,26,66
NA,5,4,2,1,2,12,16,64
15000,4,11,2,1,2,14,28,59
10000,5,3,2,1,2,13,26,63
2000,5,6,1,1,2,12,72,66
0,5,6,2,1,2,12,55,66
NA,5,10,1,3,2,18,61,70
4000,5,5,2,1,2,13,57,65
NA,5,10,1,1,2,8,32,70
10000,5,4,2,1,2,14,58,64
NA,5,5,2,1,2,12,8,65
NA,5,1,2,1,2,13,68,61
NA,5,6,2,1,2,12,62,66
NA,5,1,2,1,1,16,68,61
1500,5,6,2,1,2,12,67,66
18000,5,6,1,9,1,17,64,66
4000,6,1,1,1,2,15,66,73
28000,6,0,1,1,2,16,64,72
10000,6,2,2,1,2,14,68,74
3000,5,5,2,1,2,16,68,65
0,5,4,2,1,2,14,59,64
NA,5,2,2,1,2,18,22,62
12000,5,11,1,1,2,12,69,71
NA,5,2,2,1,2,12,13,62
19000,5,8,2,1,2,13,45,68
0,5,1,2,1,2,12,57,61
36000,5,10,1,1,2,16,51,70
7000,5,4,2,1,2,16,31,64
35000,4,11,2,1,2,11,56,59
NA,5,10,1,1,2,8,25,70
NA,5,5,2,1,2,12,56,65
40000,5,8,1,1,2,18,47,68
15000,5,8,1,1,2,14,65,68
8000,5,9,2,1,2,13,47,69
25000,5,9,2,1,2,14,35,69
NA,6,0,1,1,2,12,67,72
28000,6,3,1,1,2,18,52,75
22000,5,9,1,1,2,14,55,69
NA,5,11,1,1,2,14,59,71
21500,6,0,1,2,2,13,66,72
3000,5,8,2,1,2,12,67,68
NA,5,4,2,3,2,12,68,64
23000,6,0,1,1,2,13,62,72
NA,5,6,2,1,2,18,49,66
18000,6,0,1,1,2,12,17,72
NA,5,7,1,1,1,8,70,67
20000,5,7,1,1,2,16,19,67
NA,5,6,2,1,2,14,31,66
NA,6,0,1,1,2,14,18,72
NA,5,4,2,1,2,13,21,64
16000,5,3,2,1,1,12,44,63
15000,5,9,1,1,2,12,64,69
53000,5,3,2,9,1,17,58,63
NA,5,10,1,1,1,17,34,70
26000,6,0,1,1,2,12,63,72
NA,5,10,2,1,2,12,57,70
4000,5,5,2,4,2,12,62,65
10000,6,1,1,1,2,16,31,73
NA,6,3,1,1,2,12,57,75
43000,5,9,1,1,2,12,39,69
NA,5,3,2,1,2,5,12,63
17000,5,9,1,3,2,14,57,69
4000,5,1,2,1,1,12,52,61
NA,5,11,1,1,2,18,35,71
NA,6,0,1,1,1,13,67,72
NA,5,5,2,1,2,16,58,65
NA,5,6,2,1,2,15,52,66
50000,6,1,1,1,2,15,42,73
NA,5,4,2,1,2,18,34,64
55000,5,7,2,1,2,18,39,67
28000,5,3,2,1,2,16,49,63
0,5,6,2,1,2,12,42,66
NA,6,0,1,1,2,7,21,72
NA,5,4,2,1,2,12,58,64
5000,5,2,2,1,2,14,42,62
18000,5,5,2,1,2,13,41,65
21000,6,0,1,1,1,15,28,72
NA,4,11,2,4,1,9,46,59
12000,5,7,2,1,2,12,57,67
33000,5,5,2,1,1,16,28,65
NA,5,4,2,1,2,16,9,64
50000,6,0,1,1,1,13,26,72
6000,5,5,2,1,1,9,16,65
16000,5,4,2,1,2,14,31,64
35000,5,8,1,1,2,12,40,68
25000,5,8,2,1,2,12,47,68
NA,5,6,2,1,2,17,49,66
20000,6,4,1,1,2,14,64,76
18000,5,3,2,1,2,12,54,63
34000,6,2,1,1,2,14,12,74
NA,5,7,2,1,2,15,14,67
25000,5,8,1,1,2,16,65,68
NA,5,1,2,1,2,14,25,61
NA,5,4,2,1,2,16,36,64
20000,6,0,1,1,2,17,13,72
33000,5,8,1,1,2,12,21,68
NA,5,11,1,1,2,12,24,71
NA,5,3,2,1,2,12,14,63
4000,5,5,2,1,2,12,17,65
NA,5,3,2,1,2,13,37,63
20000,5,0,2,1,2,8,13,60
40000,6,0,1,1,2,16,57,72
NA,5,10,1,1,2,12,30,70
14000,5,4,2,1,2,14,50,64
12000,5,8,2,1,2,12,42,68
25000,5,1,2,1,2,12,59,61
NA,5,3,2,1,2,17,30,63
70000,5,7,2,1,2,10,18,67
38000,5,7,2,1,2,17,35,67
14000,5,3,2,1,2,12,62,63
NA,5,11,1,1,2,18,14,71
0,5,3,2,1,2,15,57,63
15000,5,0,2,1,2,13,53,60
17000,6,2,1,1,2,16,59,74
NA,5,6,2,1,2,15,66,66
60000,5,9,1,1,2,14,24,69
15000,5,7,2,1,2,15,21,67
25000,5,5,1,1,2,16,4,65
18000,5,2,1,1,1,12,27,62
0,5,5,1,1,2,12,35,65
NA,5,4,2,1,2,17,36,64
70000,6,0,1,1,2,18,43,72
0,5,6,2,1,1,11,41,66
30000,5,5,2,1,2,18,31,65
NA,5,7,2,1,2,15,18,67
8000,5,2,2,1,2,12,39,62
30000,5,11,1,1,2,16,56,71
0,5,2,2,1,2,11,64,62
27000,5,11,1,1,2,14,58,71
47000,5,10,1,1,2,18,47,70
12000,5,7,1,1,1,12,68,67
NA,6,0,1,1,2,16,20,72
24000,5,2,2,1,2,17,56,62
13000,5,3,2,1,1,12,55,63
80000,5,1,2,1,2,14,53,61
5000,6,0,1,1,2,12,72,72
0,5,5,2,1,2,12,62,65
25000,5,3,2,1,2,10,30,63
28000,5,6,1,1,2,12,46,66
8000,5,4,2,1,2,15,70,64
10000,5,6,2,1,2,13,39,66
9000,5,8,2,1,2,14,49,68
20000,5,0,2,1,2,12,53,60
12000,5,5,1,1,2,12,19,65
15000,5,5,2,1,2,14,24,65
20000,5,1,2,1,2,14,54,61
NA,5,8,2,1,2,16,35,68
NA,5,0,2,1,2,12,28,60
28000,5,4,2,1,2,14,54,64
265,5,6,2,1,2,15,69,66
35000,5,9,1,1,2,14,16,69
NA,5,7,2,1,2,12,60,67
26000,5,6,2,1,1,14,58,66
27000,5,7,2,1,2,17,56,67
14000,5,8,2,1,2,12,60,68
32000,5,6,1,1,2,16,57,66
10000,5,9,2,1,2,14,58,69
NA,6,0,1,1,2,12,64,72
7000,5,9,1,1,2,16,60,69
28000,5,11,1,1,2,17,44,71
NA,6,2,1,1,2,18,61,74
60000,6,2,1,1,2,13,36,74
NA,5,0,2,1,2,14,21,60
NA,5,5,2,1,2,12,57,65
12000,5,9,1,1,2,4,28,69
NA,5,9,1,2,2,12,68,69
NA,5,4,2,1,2,16,48,64
0,5,5,2,1,2,13,27,65
0,5,5,2,1,2,12,44,65
NA,5,4,2,1,2,12,28,64
15000,6,3,2,1,2,13,15,75
NA,5,5,2,1,2,14,21,65
NA,5,3,2,1,2,16,15,63
NA,6,0,1,1,2,6,9,72
NA,5,0,2,1,2,12,54,60
NA,5,6,2,1,2,17,99,66
15000,6,0,1,1,2,11,27,72
26000,5,4,2,1,2,15,58,64
0,4,11,2,2,2,12,47,59
0,5,11,1,3,2,12,70,71
26000,6,0,1,1,1,16,65,72
18720,5,3,2,2,2,10,54,63
0,5,8,2,2,2,12,68,68
NA,5,2,2,4,2,11,31,62
12000,5,4,2,2,2,12,17,64
80000,5,10,1,1,2,17,51,70
48000,5,6,2,1,2,13,51,66
NA,5,3,2,1,2,18,65,63
18000,5,2,1,3,2,16,63,62
NA,5,4,2,1,2,12,66,64
NA,6,3,1,1,2,9,41,75
85000,5,10,1,1,2,15,25,70
35000,5,4,2,2,2,12,43,64
5000,5,9,1,1,2,16,68,69
9000,5,4,2,1,1,13,68,64
30000,5,7,2,1,2,16,63,67
80000,6,0,1,1,2,14,32,72
35000,5,5,2,1,2,16,58,65
12000,5,3,2,1,2,14,56,63
200000,5,10,1,1,2,18,56,70
4000,5,4,2,1,2,16,45,64
2000,5,8,1,1,2,12,72,68
24000,5,6,2,1,2,18,21,66
2000,5,6,1,1,1,15,67,66
NA,6,1,2,1,2,16,65,73
15000,5,10,1,1,2,17,60,70
NA,5,2,2,1,2,16,61,62
NA,5,10,1,1,2,12,25,70
6000,5,2,2,1,2,12,25,62
5000,5,6,1,1,2,12,15,66
1500,5,6,2,1,1,12,69,66
28000,5,4,2,1,2,18,42,64
9000,5,10,2,1,2,12,55,70
60000,6,2,1,1,2,14,38,74
NA,6,0,1,1,2,16,59,72
1200,5,6,1,1,2,12,71,66
1400,5,2,2,1,1,3,26,62
NA,5,8,2,1,2,16,64,68
7000,5,6,2,1,2,13,47,66
NA,5,6,2,1,2,15,20,66
NA,5,10,1,1,2,12,18,70
21000,5,2,2,1,2,12,59,62
44000,5,9,1,1,2,12,32,69
NA,5,11,1,1,2,12,12,71
29000,5,8,1,2,2,16,54,68
3000,6,0,1,1,1,14,72,72
12000,5,4,1,2,2,13,68,64
0,5,4,2,2,1,16,71,64
0,5,0,2,1,1,9,51,60
20000,6,0,1,1,1,12,62,72
1200,5,2,2,2,2,5,17,62
NA,5,4,2,1,2,12,60,64
37000,6,2,1,1,2,16,65,74
8000,5,6,1,3,2,10,30,66
35000,5,8,1,3,1,16,60,68
NA,5,7,1,1,1,14,67,67
25000,5,2,1,3,2,14,53,62
18000,5,11,2,1,2,10,61,71
30000,5,3,2,2,2,16,54,63
NA,5,6,1,3,2,14,63,66
NA,5,10,1,1,2,8,20,70
20000,5,9,1,1,2,18,21,69
NA,5,3,2,1,2,7,0,63
12000,5,11,1,1,1,6,50,71
0,5,4,2,1,1,12,25,64
10000,5,6,2,1,2,12,22,66
18000,6,0,1,1,2,14,42,72
0,5,2,2,1,1,15,31,62
NA,5,5,2,2,1,12,70,65
NA,5,5,2,2,2,12,47,65
20000,6,0,1,2,2,12,64,72
31000,5,8,2,1,2,16,47,68
NA,5,10,1,2,2,12,34,70
6000,5,4,1,1,1,10,54,64
0,5,4,2,1,2,12,52,64
NA,5,8,1,2,2,12,20,68
12000,5,10,1,1,2,13,50,70
NA,5,3,2,4,2,11,68,63
NA,5,6,2,1,2,13,34,66
13000,5,6,2,1,2,16,57,66
26000,5,7,2,1,2,17,56,67
15000,5,8,2,2,2,11,59,68
30000,5,4,2,1,2,17,62,64
2000,5,5,2,1,2,14,49,65
5000,5,10,1,4,2,13,68,70
53000,5,11,2,1,2,14,64,71
0,5,4,2,1,2,12,54,64
NA,5,10,2,1,2,11,10,70
2000,5,2,2,1,2,13,72,62
25000,5,11,1,1,2,17,61,71
5000,6,2,1,1,2,12,72,74
21000,5,4,2,1,2,13,63,64
NA,5,4,2,1,2,14,71,64
NA,5,11,1,1,2,18,13,71
17000,5,10,2,1,2,15,63,70
NA,6,1,1,1,2,16,68,73
12000,5,4,2,1,2,13,53,64
42000,5,10,1,1,1,14,46,70
21000,6,2,1,1,2,12,57,74
6000,5,3,2,1,1,12,25,63
0,4,11,2,1,1,12,44,59
25000,6,2,1,1,2,14,66,74
3000,5,6,2,1,2,14,71,66
3600,5,5,2,1,2,15,23,65
4000,5,11,1,1,2,12,71,71
20000,5,9,1,1,2,14,32,69
NA,6,0,1,1,2,18,52,72
NA,5,7,2,1,1,16,48,67
NA,5,10,1,1,2,16,39,70
52000,5,0,1,1,2,15,40,60
60000,5,4,2,1,2,12,47,64
15000,5,4,2,1,2,13,49,64
NA,5,3,2,1,2,13,54,63
90000,6,0,1,1,2,16,40,72
NA,5,3,2,1,2,12,52,63
NA,6,0,1,1,1,13,71,72
NA,5,10,2,1,2,12,56,70
NA,5,6,1,1,2,12,14,66
26000,5,1,2,1,2,14,25,61
0,5,2,2,1,1,13,58,62
2000,5,9,1,1,2,12,69,69
16000,5,7,2,1,2,12,29,67
24000,5,5,2,1,1,11,63,65
NA,5,5,2,1,2,12,43,65
15000,5,8,1,1,1,16,62,68
NA,5,11,2,1,2,14,17,71
42000,6,2,1,1,2,17,47,74
0,5,3,2,1,2,15,42,63
NA,5,7,2,1,2,12,18,67
10000,5,5,2,1,2,12,47,65
17000,5,11,1,1,1,13,54,71
30000,5,4,2,1,2,14,56,64
0,5,5,2,1,2,16,68,65
32000,5,9,2,1,2,17,53,69
36000,5,4,2,1,1,17,56,64
10000,6,0,1,1,1,13,70,72
20000,5,3,2,1,2,15,61,63
NA,5,11,1,4,2,10,42,71
24000,5,5,2,1,2,12,61,65
17000,6,0,1,1,2,12,58,72
23000,5,5,2,1,2,14,42,65
25000,5,4,2,1,2,12,57,64
50000,5,11,1,1,2,12,40,71
0,5,3,2,1,2,14,51,63
20000,5,2,2,1,2,12,60,62
30000,5,6,2,1,2,16,57,66
7000,5,4,2,1,2,10,51,64
7000,5,7,1,1,2,10,12,67
30000,5,8,1,1,2,11,58,68
3000,5,6,2,1,2,12,66,66
20000,5,6,2,1,2,14,47,66
40000,5,6,2,1,2,16,31,66
10000,5,7,1,1,2,12,13,67
16000,5,6,1,1,2,12,53,66
11000,5,3,2,1,2,9,39,63
16000,5,8,2,1,2,13,47,68
18000,5,10,1,1,2,12,63,70
NA,5,6,1,1,2,17,23,66
12000,5,3,2,1,2,16,64,63
4000,5,10,1,2,2,14,69,70
60000,6,0,1,1,2,12,45,72
43000,6,3,1,1,2,17,50,75
31000,5,2,2,1,2,14,51,62
50000,5,8,2,1,2,17,51,68
27000,5,8,2,1,2,14,61,68
30000,5,10,1,1,2,17,34,70
12000,6,1,1,2,2,13,69,73
NA,5,6,2,1,2,18,55,66
NA,5,6,1,1,2,18,41,66
0,5,9,2,1,2,16,51,69
20000,5,2,2,1,2,17,60,62
NA,5,3,2,2,2,7,22,63
15000,5,0,2,2,2,12,14,60
25000,5,4,2,3,2,16,53,64
NA,5,8,1,1,1,12,69,68
2000,5,0,2,1,1,6,23,60
NA,5,0,2,1,2,14,22,60
3000,6,1,1,1,1,15,70,73
NA,5,4,2,2,2,16,50,64
110000,5,6,2,3,2,18,42,66
55000,5,9,1,1,2,18,19,69
58000,5,10,1,1,2,18,37,70
10000,5,10,2,1,2,16,54,70
19000,6,0,1,1,2,12,61,72
15000,5,1,2,1,2,18,8,61
8000,5,4,2,1,2,12,57,64
60000,6,0,1,1,2,12,40,72
NA,5,3,2,3,2,14,21,63
6000,5,8,1,1,2,12,63,68
